{
    "q1": {
        "min": -3.141546870188606,
        "max": 3.1415603860760237
    },
    "q2": {
        "min": 1.2771328033855652e-05,
        "max": 3.141579618879768
    },
    "q3": {
        "min": 7.277619482813696e-05,
        "max": 3.1415821356670053
    },
    "q4": {
        "min": 6.093176295833304e-06,
        "max": 3.1415444195800024
    },
    "q5": {
        "min": -3.141585126822219,
        "max": 3.1414956323737577
    },
    "x": {
        "min": -0.24399115642849323,
        "max": 0.39047299694634097
    },
    "y": {
        "min": -0.31662856458281663,
        "max": 0.31686505616112004
    },
    "z": {
        "min": -0.12566407985778727,
        "max": 0.4254002825657658
    },
    "a": {
        "min": 4.327044513264779e-07,
        "max": 0.9999334998165843
    },
    "b": {
        "min": -0.9999997976590944,
        "max": 0.9998598992876552
    },
    "c": {
        "min": -0.9999924710303152,
        "max": 0.9999748616930528
    },
    "d": {
        "min": -0.9999907243689549,
        "max": 0.999990679000394
    },
    "roll": {
        "min": -3.1415891171117534,
        "max": 3.1415915330300046
    },
    "pitch": {
        "min": -1.563461229249273,
        "max": 1.5632932655457266
    },
    "yaw": {
        "min": -3.141530992737277,
        "max": 3.141534795355839
    },
    "nx": {
        "min": -0.9999992110785633,
        "max": 0.9999905694227831
    },
    "ny": {
        "min": -0.9999995401552715,
        "max": 0.9999944640173611
    },
    "nz": {
        "min": -0.999971852167997,
        "max": 0.9999730982926156
    },
    "ox": {
        "min": -0.9999838117429268,
        "max": 0.9999907304711275
    },
    "oy": {
        "min": -0.9999977969069602,
        "max": 0.9999995953694035
    },
    "oz": {
        "min": -0.9999989666730599,
        "max": 0.9999892429541013
    },
    "ax": {
        "min": -0.999997806220301,
        "max": 0.9999889665425451
    },
    "ay": {
        "min": -0.9999770283358,
        "max": 0.9999827422534994
    },
    "az": {
        "min": -0.9999999999231298,
        "max": 0.999999999993377
    }
}