{
    "q1": {
        "min": -3.1415771994912918,
        "max": 3.141441282669609
    },
    "q2": {
        "min": 9.372394789952754e-06,
        "max": 3.141537173864907
    },
    "q3": {
        "min": 2.0252330091257772e-05,
        "max": 3.1415647233707777
    },
    "q4": {
        "min": 2.754136084173753e-05,
        "max": 3.1414449009287018
    },
    "q5": {
        "min": -3.141577759268664,
        "max": 3.14137888831089
    },
    "x": {
        "min": -0.24356593030701648,
        "max": 0.38984053087608794
    },
    "y": {
        "min": -0.3173467441946558,
        "max": 0.3166911930813444
    },
    "z": {
        "min": -0.12755950134188984,
        "max": 0.4253152720786456
    },
    "a": {
        "min": 3.7857389538692336e-07,
        "max": 0.9999960524335227
    },
    "b": {
        "min": -0.9998747903964939,
        "max": 0.9999455381468175
    },
    "c": {
        "min": -0.9999987121949706,
        "max": 0.9999908540545739
    },
    "d": {
        "min": -0.9999980067325338,
        "max": 0.9999567477576079
    },
    "roll": {
        "min": -3.141580323631463,
        "max": 3.1415868323666936
    },
    "pitch": {
        "min": -1.5647894699768203,
        "max": 1.5573193368646314
    },
    "yaw": {
        "min": -3.1415849595081218,
        "max": 3.1415840307154665
    },
    "nx": {
        "min": -0.9999954218875288,
        "max": 0.9999956754920292
    },
    "ny": {
        "min": -0.999999185981991,
        "max": 0.9999855219716631
    },
    "nz": {
        "min": -0.9999091867457509,
        "max": 0.9999819588898308
    },
    "ox": {
        "min": -0.9999948893448362,
        "max": 0.9999791908207936
    },
    "oy": {
        "min": -0.9999952886699474,
        "max": 0.999996849036243
    },
    "oz": {
        "min": -0.9999988625602464,
        "max": 0.9998182821665536
    },
    "ax": {
        "min": -0.9999686056800945,
        "max": 0.9997763908748554
    },
    "ay": {
        "min": -0.99984496388495,
        "max": 0.9999789223877829
    },
    "az": {
        "min": -0.9999999998335425,
        "max": 0.9999999997827131
    }
}